geoid,name,B19013001,"B19013001, Error"
14000US06037101110,"Census Tract 1011.10, Los Angeles, CA",63534,16806
14000US06037101122,"Census Tract 1011.22, Los Angeles, CA",90389,9796
14000US06037101210,"Census Tract 1012.10, Los Angeles, CA",44083,9483
14000US06037101220,"Census Tract 1012.20, Los Angeles, CA",43713,4639
14000US06037101300,"Census Tract 1013, Los Angeles, CA",81776,11857
14000US06037101400,"Census Tract 1014, Los Angeles, CA",75139,27397
14000US06037102103,"Census Tract 1021.03, Los Angeles, CA",76833,8001
14000US06037102104,"Census Tract 1021.04, Los Angeles, CA",80789,19810
14000US06037102105,"Census Tract 1021.05, Los Angeles, CA",57614,24013
14000US06037102107,"Census Tract 1021.07, Los Angeles, CA",109375,16677
14000US06037103101,"Census Tract 1031.01, Los Angeles, CA",99875,17773
14000US06037103102,"Census Tract 1031.02, Los Angeles, CA",75276,7472
14000US06037103200,"Census Tract 1032, Los Angeles, CA",84286,27588
14000US06037103300,"Census Tract 1033, Los Angeles, CA",105909,38437
14000US06037103400,"Census Tract 1034, Los Angeles, CA",89926,23543
14000US06037104103,"Census Tract 1041.03, Los Angeles, CA",97543,40104
14000US06037104105,"Census Tract 1041.05, Los Angeles, CA",54960,9370
14000US06037104108,"Census Tract 1041.08, Los Angeles, CA",51875,8807
14000US06037104124,"Census Tract 1041.24, Los Angeles, CA",77885,13046
14000US06037104201,"Census Tract 1042.01, Los Angeles, CA",60129,10223
14000US06037104203,"Census Tract 1042.03, Los Angeles, CA",49609,11898
14000US06037104204,"Census Tract 1042.04, Los Angeles, CA",59000,17579
14000US06037104310,"Census Tract 1043.10, Los Angeles, CA",74940,13087
14000US06037104320,"Census Tract 1043.20, Los Angeles, CA",56021,4136
14000US06037104401,"Census Tract 1044.01, Los Angeles, CA",69000,18732
14000US06037104403,"Census Tract 1044.03, Los Angeles, CA",60804,20306
14000US06037104404,"Census Tract 1044.04, Los Angeles, CA",56974,11673
14000US06037104500,"Census Tract 1045, Los Angeles, CA",64229,11735
14000US06037104610,"Census Tract 1046.10, Los Angeles, CA",61359,6411
14000US06037104620,"Census Tract 1046.20, Los Angeles, CA",64648,5641
14000US06037104701,"Census Tract 1047.01, Los Angeles, CA",35357,6270
14000US06037104703,"Census Tract 1047.03, Los Angeles, CA",41875,14155
14000US06037104704,"Census Tract 1047.04, Los Angeles, CA",43338,4949
14000US06037104810,"Census Tract 1048.10, Los Angeles, CA",74149,6780
14000US06037104821,"Census Tract 1048.21, Los Angeles, CA",70231,16006
14000US06037104822,"Census Tract 1048.22, Los Angeles, CA",60515,15613
14000US06037106010,"Census Tract 1060.10, Los Angeles, CA",89946,11880
14000US06037106020,"Census Tract 1060.20, Los Angeles, CA",79703,19811
14000US06037106111,"Census Tract 1061.11, Los Angeles, CA",95288,17929
14000US06037106112,"Census Tract 1061.12, Los Angeles, CA",95625,10484
14000US06037106113,"Census Tract 1061.13, Los Angeles, CA",96667,18643
14000US06037106114,"Census Tract 1061.14, Los Angeles, CA",58194,10061
14000US06037106403,"Census Tract 1064.03, Los Angeles, CA",72604,11794
14000US06037106405,"Census Tract 1064.05, Los Angeles, CA",59352,9915
14000US06037106406,"Census Tract 1064.06, Los Angeles, CA",85115,7757
14000US06037106407,"Census Tract 1064.07, Los Angeles, CA",34327,11980
14000US06037106408,"Census Tract 1064.08, Los Angeles, CA",60199,13377
14000US06037106510,"Census Tract 1065.10, Los Angeles, CA",85521,26927
14000US06037106520,"Census Tract 1065.20, Los Angeles, CA",63924,7795
14000US06037106603,"Census Tract 1066.03, Los Angeles, CA",112404,11166
14000US06037106604,"Census Tract 1066.04, Los Angeles, CA",60350,7074
14000US06037106641,"Census Tract 1066.41, Los Angeles, CA",110357,13551
14000US06037106642,"Census Tract 1066.42, Los Angeles, CA",109063,14678
14000US06037106643,"Census Tract 1066.43, Los Angeles, CA",164125,19513
14000US06037106645,"Census Tract 1066.45, Los Angeles, CA",113940,12063
14000US06037106646,"Census Tract 1066.46, Los Angeles, CA",110734,5738
14000US06037106648,"Census Tract 1066.48, Los Angeles, CA",68426,9815
14000US06037106649,"Census Tract 1066.49, Los Angeles, CA",87039,15593
14000US06037107010,"Census Tract 1070.10, Los Angeles, CA",69934,9952
14000US06037107020,"Census Tract 1070.20, Los Angeles, CA",84289,10352
14000US06037108101,"Census Tract 1081.01, Los Angeles, CA",121563,23994
14000US06037108102,"Census Tract 1081.02, Los Angeles, CA",100938,24626
14000US06037108103,"Census Tract 1081.03, Los Angeles, CA",146932,26285
14000US06037108104,"Census Tract 1081.04, Los Angeles, CA",152321,18571
14000US06037108201,"Census Tract 1082.01, Los Angeles, CA",129688,12399
14000US06037108202,"Census Tract 1082.02, Los Angeles, CA",97188,43930
14000US06037109100,"Census Tract 1091, Los Angeles, CA",67750,23269
14000US06037109200,"Census Tract 1092, Los Angeles, CA",117857,6216
14000US06037109300,"Census Tract 1093, Los Angeles, CA",86316,7829
14000US06037109400,"Census Tract 1094, Los Angeles, CA",82215,9679
14000US06037109500,"Census Tract 1095, Los Angeles, CA",33387,12815
14000US06037109601,"Census Tract 1096.01, Los Angeles, CA",93778,8664
14000US06037109603,"Census Tract 1096.03, Los Angeles, CA",56970,15640
14000US06037109604,"Census Tract 1096.04, Los Angeles, CA",92500,19997
14000US06037109700,"Census Tract 1097, Los Angeles, CA",101709,8063
14000US06037109800,"Census Tract 1098, Los Angeles, CA",92356,21749
14000US06037111100,"Census Tract 1111, Los Angeles, CA",91648,8321
14000US06037111201,"Census Tract 1112.01, Los Angeles, CA",90341,22702
14000US06037111202,"Census Tract 1112.02, Los Angeles, CA",84240,10268
14000US06037111204,"Census Tract 1112.04, Los Angeles, CA",154038,20918
14000US06037111205,"Census Tract 1112.05, Los Angeles, CA",77351,15708
14000US06037111206,"Census Tract 1112.06, Los Angeles, CA",114275,25635
14000US06037111301,"Census Tract 1113.01, Los Angeles, CA",66861,15466
14000US06037111302,"Census Tract 1113.02, Los Angeles, CA",62865,15358
14000US06037111400,"Census Tract 1114, Los Angeles, CA",61467,5880
14000US06037113101,"Census Tract 1131.01, Los Angeles, CA",106000,16414
14000US06037113102,"Census Tract 1131.02, Los Angeles, CA",163021,24636
14000US06037113211,"Census Tract 1132.11, Los Angeles, CA",91094,5602
14000US06037113212,"Census Tract 1132.12, Los Angeles, CA",84429,15294
14000US06037113213,"Census Tract 1132.13, Los Angeles, CA",91544,10035
14000US06037113231,"Census Tract 1132.31, Los Angeles, CA",112500,16837
14000US06037113232,"Census Tract 1132.32, Los Angeles, CA",113079,12646
14000US06037113233,"Census Tract 1132.33, Los Angeles, CA",46474,5578
14000US06037113234,"Census Tract 1132.34, Los Angeles, CA",59598,5323
14000US06037113235,"Census Tract 1132.35, Los Angeles, CA",89792,16726
14000US06037113237,"Census Tract 1132.37, Los Angeles, CA",82024,11812
14000US06037113301,"Census Tract 1133.01, Los Angeles, CA",66793,10945
14000US06037113303,"Census Tract 1133.03, Los Angeles, CA",93656,11664
14000US06037113321,"Census Tract 1133.21, Los Angeles, CA",76897,16046
14000US06037113322,"Census Tract 1133.22, Los Angeles, CA",94983,13287
14000US06037113401,"Census Tract 1134.01, Los Angeles, CA",86101,12085
14000US06037113421,"Census Tract 1134.21, Los Angeles, CA",65060,8613
14000US06037113422,"Census Tract 1134.22, Los Angeles, CA",75109,10197
14000US06037115101,"Census Tract 1151.01, Los Angeles, CA",141711,22945
14000US06037115103,"Census Tract 1151.03, Los Angeles, CA",43958,16906
14000US06037115104,"Census Tract 1151.04, Los Angeles, CA",54861,8965
14000US06037115201,"Census Tract 1152.01, Los Angeles, CA",65208,14442
14000US06037115202,"Census Tract 1152.02, Los Angeles, CA",65125,13402
14000US06037115301,"Census Tract 1153.01, Los Angeles, CA",94279,20089
14000US06037115302,"Census Tract 1153.02, Los Angeles, CA",45549,5111
14000US06037115401,"Census Tract 1154.01, Los Angeles, CA",71646,10863
14000US06037115403,"Census Tract 1154.03, Los Angeles, CA",54407,5828
14000US06037115404,"Census Tract 1154.04, Los Angeles, CA",66136,10633
14000US06037117101,"Census Tract 1171.01, Los Angeles, CA",90750,13801
14000US06037117102,"Census Tract 1171.02, Los Angeles, CA",69500,15098
14000US06037117201,"Census Tract 1172.01, Los Angeles, CA",61335,12685
14000US06037117202,"Census Tract 1172.02, Los Angeles, CA",100326,15225
14000US06037117301,"Census Tract 1173.01, Los Angeles, CA",97634,17795
14000US06037117302,"Census Tract 1173.02, Los Angeles, CA",102917,9555
14000US06037117303,"Census Tract 1173.03, Los Angeles, CA",83931,14811
14000US06037117404,"Census Tract 1174.04, Los Angeles, CA",107981,18036
14000US06037117405,"Census Tract 1174.05, Los Angeles, CA",36538,7081
14000US06037117407,"Census Tract 1174.07, Los Angeles, CA",33480,6180
14000US06037117408,"Census Tract 1174.08, Los Angeles, CA",36250,5369
14000US06037117510,"Census Tract 1175.10, Los Angeles, CA",46838,8608
14000US06037117520,"Census Tract 1175.20, Los Angeles, CA",36003,3512
14000US06037117530,"Census Tract 1175.30, Los Angeles, CA",55483,5843
14000US06037119001,"Census Tract 1190.01, Los Angeles, CA",85758,8043
14000US06037119002,"Census Tract 1190.02, Los Angeles, CA",80664,6977
14000US06037119201,"Census Tract 1192.01, Los Angeles, CA",91111,6005
14000US06037119202,"Census Tract 1192.02, Los Angeles, CA",67500,14854
14000US06037119310,"Census Tract 1193.10, Los Angeles, CA",47959,7471
14000US06037119320,"Census Tract 1193.20, Los Angeles, CA",72813,18384
14000US06037119340,"Census Tract 1193.40, Los Angeles, CA",30817,5234
14000US06037119341,"Census Tract 1193.41, Los Angeles, CA",51083,8755
14000US06037119342,"Census Tract 1193.42, Los Angeles, CA",58611,9596
14000US06037119400,"Census Tract 1194, Los Angeles, CA",83333,10764
14000US06037119700,"Census Tract 1197, Los Angeles, CA",81688,13001
14000US06037119800,"Census Tract 1198, Los Angeles, CA",82981,13843
14000US06037119900,"Census Tract 1199, Los Angeles, CA",78000,14084
14000US06037120010,"Census Tract 1200.10, Los Angeles, CA",49432,12269
14000US06037120020,"Census Tract 1200.20, Los Angeles, CA",37045,6357
14000US06037120030,"Census Tract 1200.30, Los Angeles, CA",30625,9816
14000US06037120103,"Census Tract 1201.03, Los Angeles, CA",26875,5680
14000US06037120104,"Census Tract 1201.04, Los Angeles, CA",38672,5473
14000US06037120105,"Census Tract 1201.05, Los Angeles, CA",33984,6714
14000US06037120106,"Census Tract 1201.06, Los Angeles, CA",36217,4434
14000US06037120107,"Census Tract 1201.07, Los Angeles, CA",30481,4502
14000US06037120108,"Census Tract 1201.08, Los Angeles, CA",39032,8865
14000US06037120300,"Census Tract 1203, Los Angeles, CA",70208,13435
14000US06037120400,"Census Tract 1204, Los Angeles, CA",54733,5049
14000US06037121010,"Census Tract 1210.10, Los Angeles, CA",62903,20529
14000US06037121020,"Census Tract 1210.20, Los Angeles, CA",53345,17518
14000US06037121101,"Census Tract 1211.01, Los Angeles, CA",59267,9339
14000US06037121102,"Census Tract 1211.02, Los Angeles, CA",48750,11641
14000US06037121210,"Census Tract 1212.10, Los Angeles, CA",67375,17949
14000US06037121221,"Census Tract 1212.21, Los Angeles, CA",64335,10684
14000US06037121222,"Census Tract 1212.22, Los Angeles, CA",55192,11630
14000US06037121600,"Census Tract 1216, Los Angeles, CA",79474,13765
14000US06037121801,"Census Tract 1218.01, Los Angeles, CA",42520,6773
14000US06037121802,"Census Tract 1218.02, Los Angeles, CA",68083,11606
14000US06037121900,"Census Tract 1219, Los Angeles, CA",54702,14363
14000US06037122000,"Census Tract 1220, Los Angeles, CA",75486,16506
14000US06037122120,"Census Tract 1221.20, Los Angeles, CA",61625,9357
14000US06037122121,"Census Tract 1221.21, Los Angeles, CA",53125,6766
14000US06037122122,"Census Tract 1221.22, Los Angeles, CA",41811,6104
14000US06037122200,"Census Tract 1222, Los Angeles, CA",54250,6263
14000US06037122410,"Census Tract 1224.10, Los Angeles, CA",36222,5363
14000US06037122420,"Census Tract 1224.20, Los Angeles, CA",44967,10661
14000US06037123010,"Census Tract 1230.10, Los Angeles, CA",36518,8496
14000US06037123020,"Census Tract 1230.20, Los Angeles, CA",42056,12406
14000US06037123103,"Census Tract 1231.03, Los Angeles, CA",48902,8245
14000US06037123104,"Census Tract 1231.04, Los Angeles, CA",41766,5612
14000US06037123203,"Census Tract 1232.03, Los Angeles, CA",48850,13600
14000US06037123204,"Census Tract 1232.04, Los Angeles, CA",41375,6920
14000US06037123205,"Census Tract 1232.05, Los Angeles, CA",46083,5995
14000US06037123206,"Census Tract 1232.06, Los Angeles, CA",32266,4110
14000US06037123301,"Census Tract 1233.01, Los Angeles, CA",57031,13893
14000US06037123303,"Census Tract 1233.03, Los Angeles, CA",44477,10585
14000US06037123304,"Census Tract 1233.04, Los Angeles, CA",39631,7250
14000US06037123410,"Census Tract 1234.10, Los Angeles, CA",50481,11837
14000US06037123420,"Census Tract 1234.20, Los Angeles, CA",44790,8189
14000US06037123510,"Census Tract 1235.10, Los Angeles, CA",45338,10526
14000US06037123520,"Census Tract 1235.20, Los Angeles, CA",45521,8821
14000US06037123601,"Census Tract 1236.01, Los Angeles, CA",55241,5845
14000US06037123602,"Census Tract 1236.02, Los Angeles, CA",50667,9566
14000US06037123700,"Census Tract 1237, Los Angeles, CA",65278,14059
14000US06037123800,"Census Tract 1238, Los Angeles, CA",75096,27454
14000US06037123901,"Census Tract 1239.01, Los Angeles, CA",66771,22414
14000US06037123902,"Census Tract 1239.02, Los Angeles, CA",70592,10535
14000US06037124000,"Census Tract 1240, Los Angeles, CA",86881,10434
14000US06037124102,"Census Tract 1241.02, Los Angeles, CA",50064,6026
14000US06037124103,"Census Tract 1241.03, Los Angeles, CA",43787,5797
14000US06037124104,"Census Tract 1241.04, Los Angeles, CA",43816,9194
14000US06037124105,"Census Tract 1241.05, Los Angeles, CA",45764,6439
14000US06037124201,"Census Tract 1242.01, Los Angeles, CA",64364,9242
14000US06037124203,"Census Tract 1242.03, Los Angeles, CA",52561,9622
14000US06037124204,"Census Tract 1242.04, Los Angeles, CA",43385,5936
14000US06037124300,"Census Tract 1243, Los Angeles, CA",42826,11760
14000US06037124400,"Census Tract 1244, Los Angeles, CA",82500,17867
14000US06037124500,"Census Tract 1245, Los Angeles, CA",90565,24905
14000US06037124600,"Census Tract 1246, Los Angeles, CA",64712,10227
14000US06037124700,"Census Tract 1247, Los Angeles, CA",89674,29364
14000US06037124902,"Census Tract 1249.02, Los Angeles, CA",31852,7760
14000US06037124903,"Census Tract 1249.03, Los Angeles, CA",61429,8148
14000US06037125100,"Census Tract 1251, Los Angeles, CA",76595,6558
14000US06037125200,"Census Tract 1252, Los Angeles, CA",75260,13204
14000US06037125310,"Census Tract 1253.10, Los Angeles, CA",48958,11910
14000US06037125320,"Census Tract 1253.20, Los Angeles, CA",39977,9416
14000US06037125401,"Census Tract 1254.01, Los Angeles, CA",62934,8571
14000US06037125402,"Census Tract 1254.02, Los Angeles, CA",80299,16094
14000US06037125501,"Census Tract 1255.01, Los Angeles, CA",46767,13339
14000US06037125502,"Census Tract 1255.02, Los Angeles, CA",68700,6841
14000US06037125600,"Census Tract 1256, Los Angeles, CA",82401,21919
14000US06037127102,"Census Tract 1271.02, Los Angeles, CA",44955,11645
14000US06037127103,"Census Tract 1271.03, Los Angeles, CA",52096,8328
14000US06037127104,"Census Tract 1271.04, Los Angeles, CA",39067,7040
14000US06037127210,"Census Tract 1272.10, Los Angeles, CA",55997,4349
14000US06037127220,"Census Tract 1272.20, Los Angeles, CA",39645,4408
14000US06037127300,"Census Tract 1273, Los Angeles, CA",49375,14607
14000US06037127400,"Census Tract 1274, Los Angeles, CA",53695,5823
14000US06037127520,"Census Tract 1275.20, Los Angeles, CA",35728,5435
14000US06037127603,"Census Tract 1276.03, Los Angeles, CA",42292,5968
14000US06037127604,"Census Tract 1276.04, Los Angeles, CA",44798,6311
14000US06037127605,"Census Tract 1276.05, Los Angeles, CA",46071,5210
14000US06037127606,"Census Tract 1276.06, Los Angeles, CA",60904,8499
14000US06037127711,"Census Tract 1277.11, Los Angeles, CA",64018,12330
14000US06037127712,"Census Tract 1277.12, Los Angeles, CA",42662,4862
14000US06037127803,"Census Tract 1278.03, Los Angeles, CA",43071,8872
14000US06037127804,"Census Tract 1278.04, Los Angeles, CA",53792,7264
14000US06037127805,"Census Tract 1278.05, Los Angeles, CA",49457,8334
14000US06037127806,"Census Tract 1278.06, Los Angeles, CA",42946,15830
14000US06037127910,"Census Tract 1279.10, Los Angeles, CA",46190,2609
14000US06037127920,"Census Tract 1279.20, Los Angeles, CA",56458,16822
14000US06037128101,"Census Tract 1281.01, Los Angeles, CA",56023,10032
14000US06037128102,"Census Tract 1281.02, Los Angeles, CA",46699,8772
14000US06037128210,"Census Tract 1282.10, Los Angeles, CA",31168,6619
14000US06037128220,"Census Tract 1282.20, Los Angeles, CA",41570,5383
14000US06037128302,"Census Tract 1283.02, Los Angeles, CA",46413,7213
14000US06037128303,"Census Tract 1283.03, Los Angeles, CA",39488,4135
14000US06037128400,"Census Tract 1284, Los Angeles, CA",72500,17474
14000US06037128500,"Census Tract 1285, Los Angeles, CA",74375,12563
14000US06037128601,"Census Tract 1286.01, Los Angeles, CA",48173,14670
14000US06037128602,"Census Tract 1286.02, Los Angeles, CA",85284,17438
14000US06037128702,"Census Tract 1287.02, Los Angeles, CA",76202,6313
14000US06037128801,"Census Tract 1288.01, Los Angeles, CA",65449,11844
14000US06037128802,"Census Tract 1288.02, Los Angeles, CA",89735,8886
14000US06037128910,"Census Tract 1289.10, Los Angeles, CA",104392,13274
14000US06037131010,"Census Tract 1310.10, Los Angeles, CA",56487,6178
14000US06037131020,"Census Tract 1310.20, Los Angeles, CA",66875,9761
14000US06037131100,"Census Tract 1311, Los Angeles, CA",81613,19474
14000US06037131200,"Census Tract 1312, Los Angeles, CA",81929,17418
14000US06037131300,"Census Tract 1313, Los Angeles, CA",71848,12626
14000US06037131400,"Census Tract 1314, Los Angeles, CA",67730,7537
14000US06037131600,"Census Tract 1316, Los Angeles, CA",77222,26152
14000US06037131701,"Census Tract 1317.01, Los Angeles, CA",71595,6806
14000US06037131702,"Census Tract 1317.02, Los Angeles, CA",68083,15774
14000US06037131800,"Census Tract 1318, Los Angeles, CA",66434,8661
14000US06037131900,"Census Tract 1319, Los Angeles, CA",86818,27470
14000US06037132001,"Census Tract 1320.01, Los Angeles, CA",83039,9993
14000US06037132002,"Census Tract 1320.02, Los Angeles, CA",109891,13771
14000US06037132101,"Census Tract 1321.01, Los Angeles, CA",73550,12750
14000US06037132102,"Census Tract 1321.02, Los Angeles, CA",49838,12253
14000US06037132300,"Census Tract 1323, Los Angeles, CA",49741,6971
14000US06037132501,"Census Tract 1325.01, Los Angeles, CA",60156,20005
14000US06037132502,"Census Tract 1325.02, Los Angeles, CA",52712,12096
14000US06037132700,"Census Tract 1327, Los Angeles, CA",64412,16884
14000US06037132900,"Census Tract 1329, Los Angeles, CA",81042,9546
14000US06037133000,"Census Tract 1330, Los Angeles, CA",72864,8475
14000US06037133100,"Census Tract 1331, Los Angeles, CA",52262,4944
14000US06037134001,"Census Tract 1340.01, Los Angeles, CA",63846,9352
14000US06037134002,"Census Tract 1340.02, Los Angeles, CA",54138,10199
14000US06037134101,"Census Tract 1341.01, Los Angeles, CA",69476,15824
14000US06037134103,"Census Tract 1341.03, Los Angeles, CA",81833,13397
14000US06037134104,"Census Tract 1341.04, Los Angeles, CA",60582,9933
14000US06037134201,"Census Tract 1342.01, Los Angeles, CA",91758,10723
14000US06037134302,"Census Tract 1343.02, Los Angeles, CA",103750,20895
14000US06037134303,"Census Tract 1343.03, Los Angeles, CA",78864,18669
14000US06037134304,"Census Tract 1343.04, Los Angeles, CA",64167,9879
14000US06037134305,"Census Tract 1343.05, Los Angeles, CA",37606,6152
14000US06037134306,"Census Tract 1343.06, Los Angeles, CA",69286,13401
14000US06037134421,"Census Tract 1344.21, Los Angeles, CA",140313,24355
14000US06037134422,"Census Tract 1344.22, Los Angeles, CA",121250,25556
14000US06037134423,"Census Tract 1344.23, Los Angeles, CA",100950,14147
14000US06037134424,"Census Tract 1344.24, Los Angeles, CA",147679,14124
14000US06037134520,"Census Tract 1345.20, Los Angeles, CA",46011,8033
14000US06037134521,"Census Tract 1345.21, Los Angeles, CA",57669,6147
14000US06037134522,"Census Tract 1345.22, Los Angeles, CA",37869,4765
14000US06037134710,"Census Tract 1347.10, Los Angeles, CA",46050,9150
14000US06037134720,"Census Tract 1347.20, Los Angeles, CA",66650,10279
14000US06037134800,"Census Tract 1348, Los Angeles, CA",84038,9572
14000US06037134901,"Census Tract 1349.01, Los Angeles, CA",74125,30416
14000US06037134903,"Census Tract 1349.03, Los Angeles, CA",77353,14854
14000US06037134904,"Census Tract 1349.04, Los Angeles, CA",49866,8552
14000US06037134905,"Census Tract 1349.05, Los Angeles, CA",84224,13576
14000US06037135102,"Census Tract 1351.02, Los Angeles, CA",145313,25379
14000US06037135111,"Census Tract 1351.11, Los Angeles, CA",101554,15716
14000US06037135113,"Census Tract 1351.13, Los Angeles, CA",85505,10383
14000US06037135114,"Census Tract 1351.14, Los Angeles, CA",58958,9075
14000US06037135201,"Census Tract 1352.01, Los Angeles, CA",106550,8169
14000US06037135202,"Census Tract 1352.02, Los Angeles, CA",116321,13676
14000US06037135203,"Census Tract 1352.03, Los Angeles, CA",116518,10264
14000US06037137000,"Census Tract 1370, Los Angeles, CA",123542,20374
14000US06037137103,"Census Tract 1371.03, Los Angeles, CA",89344,17969
14000US06037137104,"Census Tract 1371.04, Los Angeles, CA",106111,36498
14000US06037137201,"Census Tract 1372.01, Los Angeles, CA",77146,16000
14000US06037137301,"Census Tract 1373.01, Los Angeles, CA",156250,27086
14000US06037137302,"Census Tract 1373.02, Los Angeles, CA",145286,15318
14000US06037137401,"Census Tract 1374.01, Los Angeles, CA",125781,16337
14000US06037137402,"Census Tract 1374.02, Los Angeles, CA",115978,26534
14000US06037137501,"Census Tract 1375.01, Los Angeles, CA",92156,15693
14000US06037137502,"Census Tract 1375.02, Los Angeles, CA",99688,23194
14000US06037137504,"Census Tract 1375.04, Los Angeles, CA",143875,30995
14000US06037138000,"Census Tract 1380, Los Angeles, CA",127983,16069
14000US06037139001,"Census Tract 1390.01, Los Angeles, CA",86488,24633
14000US06037139200,"Census Tract 1392, Los Angeles, CA",70463,19695
14000US06037139301,"Census Tract 1393.01, Los Angeles, CA",126328,26574
14000US06037139302,"Census Tract 1393.02, Los Angeles, CA",46743,7442
14000US06037139303,"Census Tract 1393.03, Los Angeles, CA",54470,7688
14000US06037139401,"Census Tract 1394.01, Los Angeles, CA",57440,17616
14000US06037139402,"Census Tract 1394.02, Los Angeles, CA",137578,26508
14000US06037139502,"Census Tract 1395.02, Los Angeles, CA",79500,18671
14000US06037139503,"Census Tract 1395.03, Los Angeles, CA",57006,12813
14000US06037139504,"Census Tract 1395.04, Los Angeles, CA",56212,8467
14000US06037139600,"Census Tract 1396, Los Angeles, CA",77000,14988
14000US06037139701,"Census Tract 1397.01, Los Angeles, CA",152833,25536
14000US06037139702,"Census Tract 1397.02, Los Angeles, CA",205964,30616
14000US06037139703,"Census Tract 1397.03, Los Angeles, CA",124830,28201
14000US06037139801,"Census Tract 1398.01, Los Angeles, CA",157557,21175
14000US06037139802,"Census Tract 1398.02, Los Angeles, CA",153523,55588
14000US06037141101,"Census Tract 1411.01, Los Angeles, CA",73333,13821
14000US06037141102,"Census Tract 1411.02, Los Angeles, CA",98125,14832
14000US06037141201,"Census Tract 1412.01, Los Angeles, CA",84205,8964
14000US06037141202,"Census Tract 1412.02, Los Angeles, CA",81250,22239
14000US06037141302,"Census Tract 1413.02, Los Angeles, CA",92769,19449
14000US06037141303,"Census Tract 1413.03, Los Angeles, CA",82448,13051
14000US06037141304,"Census Tract 1413.04, Los Angeles, CA",98375,9629
14000US06037141400,"Census Tract 1414, Los Angeles, CA",101327,8644
14000US06037141500,"Census Tract 1415, Los Angeles, CA",219698,58903
14000US06037141600,"Census Tract 1416, Los Angeles, CA",196741,21498
14000US06037141700,"Census Tract 1417, Los Angeles, CA",250001,
14000US06037143100,"Census Tract 1431, Los Angeles, CA",100948,17359
14000US06037143200,"Census Tract 1432, Los Angeles, CA",75521,7215
14000US06037143300,"Census Tract 1433, Los Angeles, CA",85230,22072
14000US06037143400,"Census Tract 1434, Los Angeles, CA",116222,21566
14000US06037143500,"Census Tract 1435, Los Angeles, CA",108542,19309
14000US06037143602,"Census Tract 1436.02, Los Angeles, CA",106442,16290
14000US06037143603,"Census Tract 1436.03, Los Angeles, CA",87000,19627
14000US06037143604,"Census Tract 1436.04, Los Angeles, CA",82199,13585
14000US06037143700,"Census Tract 1437, Los Angeles, CA",111985,20230
14000US06037143800,"Census Tract 1438, Los Angeles, CA",138151,23948
14000US06037143901,"Census Tract 1439.01, Los Angeles, CA",212188,29080
14000US06037143902,"Census Tract 1439.02, Los Angeles, CA",110508,9791
14000US06037181000,"Census Tract 1810, Los Angeles, CA",116958,14053
14000US06037181300,"Census Tract 1813, Los Angeles, CA",110508,8207
14000US06037181400,"Census Tract 1814, Los Angeles, CA",85262,20191
14000US06037181500,"Census Tract 1815, Los Angeles, CA",98250,33890
14000US06037181600,"Census Tract 1816, Los Angeles, CA",82443,15426
14000US06037183101,"Census Tract 1831.01, Los Angeles, CA",54548,7373
14000US06037183103,"Census Tract 1831.03, Los Angeles, CA",61719,7174
14000US06037183104,"Census Tract 1831.04, Los Angeles, CA",92806,12656
14000US06037183220,"Census Tract 1832.20, Los Angeles, CA",63899,13372
14000US06037183221,"Census Tract 1832.21, Los Angeles, CA",60048,8064
14000US06037183222,"Census Tract 1832.22, Los Angeles, CA",79861,30926
14000US06037183300,"Census Tract 1833, Los Angeles, CA",75233,5226
14000US06037183401,"Census Tract 1834.01, Los Angeles, CA",61875,9061
14000US06037183402,"Census Tract 1834.02, Los Angeles, CA",65568,9422
14000US06037183510,"Census Tract 1835.10, Los Angeles, CA",75486,22254
14000US06037183520,"Census Tract 1835.20, Los Angeles, CA",52232,10095
14000US06037183610,"Census Tract 1836.10, Los Angeles, CA",57727,9171
14000US06037183620,"Census Tract 1836.20, Los Angeles, CA",55909,18245
14000US06037183701,"Census Tract 1837.01, Los Angeles, CA",48654,19850
14000US06037183702,"Census Tract 1837.02, Los Angeles, CA",62778,18571
14000US06037183810,"Census Tract 1838.10, Los Angeles, CA",59906,9993
14000US06037183820,"Census Tract 1838.20, Los Angeles, CA",46477,17818
14000US06037185100,"Census Tract 1851, Los Angeles, CA",109886,32635
14000US06037185202,"Census Tract 1852.02, Los Angeles, CA",64623,13020
14000US06037185203,"Census Tract 1852.03, Los Angeles, CA",49698,10662
14000US06037185204,"Census Tract 1852.04, Los Angeles, CA",86971,8555
14000US06037185310,"Census Tract 1853.10, Los Angeles, CA",64671,10941
14000US06037185320,"Census Tract 1853.20, Los Angeles, CA",42202,11123
14000US06037186100,"Census Tract 1861, Los Angeles, CA",92569,11923
14000US06037186201,"Census Tract 1862.01, Los Angeles, CA",61733,15952
14000US06037186202,"Census Tract 1862.02, Los Angeles, CA",95089,29407
14000US06037186203,"Census Tract 1862.03, Los Angeles, CA",114461,16004
14000US06037186301,"Census Tract 1863.01, Los Angeles, CA",53125,7468
14000US06037186302,"Census Tract 1863.02, Los Angeles, CA",78264,15759
14000US06037186401,"Census Tract 1864.01, Los Angeles, CA",41450,8741
14000US06037186403,"Census Tract 1864.03, Los Angeles, CA",59861,9893
14000US06037186404,"Census Tract 1864.04, Los Angeles, CA",62083,8886
14000US06037187101,"Census Tract 1871.01, Los Angeles, CA",76522,12208
14000US06037187102,"Census Tract 1871.02, Los Angeles, CA",56683,21396
14000US06037187200,"Census Tract 1872, Los Angeles, CA",76042,12012
14000US06037187300,"Census Tract 1873, Los Angeles, CA",112250,24372
14000US06037188100,"Census Tract 1881, Los Angeles, CA",62500,14197
14000US06037188201,"Census Tract 1882.01, Los Angeles, CA",81475,9468
14000US06037188202,"Census Tract 1882.02, Los Angeles, CA",113267,20706
14000US06037188300,"Census Tract 1883, Los Angeles, CA",114318,13415
14000US06037189101,"Census Tract 1891.01, Los Angeles, CA",81591,18513
14000US06037189102,"Census Tract 1891.02, Los Angeles, CA",85708,5973
14000US06037189201,"Census Tract 1892.01, Los Angeles, CA",41950,9480
14000US06037189202,"Census Tract 1892.02, Los Angeles, CA",118018,11432
14000US06037189300,"Census Tract 1893, Los Angeles, CA",174293,23196
14000US06037189400,"Census Tract 1894, Los Angeles, CA",156154,21744
14000US06037189500,"Census Tract 1895, Los Angeles, CA",54265,11084
14000US06037189600,"Census Tract 1896, Los Angeles, CA",74760,12140
14000US06037189701,"Census Tract 1897.01, Los Angeles, CA",100256,33107
14000US06037189702,"Census Tract 1897.02, Los Angeles, CA",96793,31262
14000US06037189800,"Census Tract 1898, Los Angeles, CA",69616,9040
14000US06037189902,"Census Tract 1899.02, Los Angeles, CA",63214,12087
14000US06037189903,"Census Tract 1899.03, Los Angeles, CA",64975,15012
14000US06037189904,"Census Tract 1899.04, Los Angeles, CA",49960,11772
14000US06037189905,"Census Tract 1899.05, Los Angeles, CA",72837,19383
14000US06037190100,"Census Tract 1901, Los Angeles, CA",53778,8904
14000US06037190201,"Census Tract 1902.01, Los Angeles, CA",30053,6943
14000US06037190202,"Census Tract 1902.02, Los Angeles, CA",32418,8915
14000US06037190301,"Census Tract 1903.01, Los Angeles, CA",44986,9160
14000US06037190401,"Census Tract 1904.01, Los Angeles, CA",48188,8456
14000US06037190402,"Census Tract 1904.02, Los Angeles, CA",40000,10731
14000US06037190510,"Census Tract 1905.10, Los Angeles, CA",41950,6819
14000US06037190520,"Census Tract 1905.20, Los Angeles, CA",41011,10252
14000US06037190700,"Census Tract 1907, Los Angeles, CA",43877,12191
14000US06037190801,"Census Tract 1908.01, Los Angeles, CA",25858,6021
14000US06037190802,"Census Tract 1908.02, Los Angeles, CA",50167,7973
14000US06037190901,"Census Tract 1909.01, Los Angeles, CA",38140,14325
14000US06037190902,"Census Tract 1909.02, Los Angeles, CA",46406,14935
14000US06037191000,"Census Tract 1910, Los Angeles, CA",64816,16179
14000US06037191110,"Census Tract 1911.10, Los Angeles, CA",37700,4860
14000US06037191120,"Census Tract 1911.20, Los Angeles, CA",40071,7748
14000US06037191201,"Census Tract 1912.01, Los Angeles, CA",45332,4441
14000US06037191203,"Census Tract 1912.03, Los Angeles, CA",26919,8433
14000US06037191204,"Census Tract 1912.04, Los Angeles, CA",41453,5973
14000US06037191301,"Census Tract 1913.01, Los Angeles, CA",36875,15222
14000US06037191302,"Census Tract 1913.02, Los Angeles, CA",45982,11734
14000US06037191410,"Census Tract 1914.10, Los Angeles, CA",42538,8845
14000US06037191420,"Census Tract 1914.20, Los Angeles, CA",61190,14231
14000US06037191500,"Census Tract 1915, Los Angeles, CA",49726,5733
14000US06037191610,"Census Tract 1916.10, Los Angeles, CA",48767,4554
14000US06037191620,"Census Tract 1916.20, Los Angeles, CA",27306,4002
14000US06037191710,"Census Tract 1917.10, Los Angeles, CA",30085,6165
14000US06037191720,"Census Tract 1917.20, Los Angeles, CA",32355,5361
14000US06037191810,"Census Tract 1918.10, Los Angeles, CA",49491,6707
14000US06037191820,"Census Tract 1918.20, Los Angeles, CA",56996,14768
14000US06037191901,"Census Tract 1919.01, Los Angeles, CA",57000,4131
14000US06037191902,"Census Tract 1919.02, Los Angeles, CA",94432,15845
14000US06037192001,"Census Tract 1920.01, Los Angeles, CA",74063,20265
14000US06037192002,"Census Tract 1920.02, Los Angeles, CA",111111,31332
14000US06037192300,"Census Tract 1923, Los Angeles, CA",88988,15803
14000US06037192410,"Census Tract 1924.10, Los Angeles, CA",73750,19854
14000US06037192420,"Census Tract 1924.20, Los Angeles, CA",56194,10170
14000US06037192510,"Census Tract 1925.10, Los Angeles, CA",49464,5464
14000US06037192520,"Census Tract 1925.20, Los Angeles, CA",45823,4060
14000US06037192610,"Census Tract 1926.10, Los Angeles, CA",35948,6179
14000US06037192620,"Census Tract 1926.20, Los Angeles, CA",40850,8380
14000US06037192700,"Census Tract 1927, Los Angeles, CA",52603,9270
14000US06037194101,"Census Tract 1941.01, Los Angeles, CA",86417,10951
14000US06037194102,"Census Tract 1941.02, Los Angeles, CA",122829,36536
14000US06037194200,"Census Tract 1942, Los Angeles, CA",168227,34477
14000US06037194300,"Census Tract 1943, Los Angeles, CA",177383,53164
14000US06037194401,"Census Tract 1944.01, Los Angeles, CA",86800,11684
14000US06037194402,"Census Tract 1944.02, Los Angeles, CA",100368,32758
14000US06037194500,"Census Tract 1945, Los Angeles, CA",113571,17836
14000US06037195100,"Census Tract 1951, Los Angeles, CA",127768,23360
14000US06037195201,"Census Tract 1952.01, Los Angeles, CA",85114,18359
14000US06037195202,"Census Tract 1952.02, Los Angeles, CA",117630,14456
14000US06037195300,"Census Tract 1953, Los Angeles, CA",75104,8721
14000US06037195400,"Census Tract 1954, Los Angeles, CA",98461,6126
14000US06037195500,"Census Tract 1955, Los Angeles, CA",99660,20575
14000US06037195600,"Census Tract 1956, Los Angeles, CA",72035,9432
14000US06037195710,"Census Tract 1957.10, Los Angeles, CA",45398,10182
14000US06037195720,"Census Tract 1957.20, Los Angeles, CA",41136,17705
14000US06037195802,"Census Tract 1958.02, Los Angeles, CA",53889,14798
14000US06037195803,"Census Tract 1958.03, Los Angeles, CA",83167,14860
14000US06037195804,"Census Tract 1958.04, Los Angeles, CA",71467,17412
14000US06037195901,"Census Tract 1959.01, Los Angeles, CA",64138,9564
14000US06037195902,"Census Tract 1959.02, Los Angeles, CA",68875,17358
14000US06037195903,"Census Tract 1959.03, Los Angeles, CA",52446,12157
14000US06037197200,"Census Tract 1972, Los Angeles, CA",59719,7980
14000US06037197300,"Census Tract 1973, Los Angeles, CA",83843,6605
14000US06037197410,"Census Tract 1974.10, Los Angeles, CA",100556,15680
14000US06037197420,"Census Tract 1974.20, Los Angeles, CA",65438,13627
14000US06037197500,"Census Tract 1975, Los Angeles, CA",75571,5813
14000US06037197600,"Census Tract 1976, Los Angeles, CA",74038,5537
14000US06037197700,"Census Tract 1977, Los Angeles, CA",54759,7229
14000US06037199000,"Census Tract 1990, Los Angeles, CA",57625,10547
14000US06037199110,"Census Tract 1991.10, Los Angeles, CA",59395,6423
14000US06037199120,"Census Tract 1991.20, Los Angeles, CA",38970,5050
14000US06037199201,"Census Tract 1992.01, Los Angeles, CA",34277,6773
14000US06037199202,"Census Tract 1992.02, Los Angeles, CA",67257,11168
14000US06037199300,"Census Tract 1993, Los Angeles, CA",81172,32235
14000US06037199400,"Census Tract 1994, Los Angeles, CA",44637,9303
14000US06037199700,"Census Tract 1997, Los Angeles, CA",42614,11537
14000US06037199800,"Census Tract 1998, Los Angeles, CA",37755,5885
14000US06037199900,"Census Tract 1999, Los Angeles, CA",39184,4436
14000US06037201110,"Census Tract 2011.10, Los Angeles, CA",67059,22808
14000US06037201120,"Census Tract 2011.20, Los Angeles, CA",68667,21280
14000US06037201200,"Census Tract 2012, Los Angeles, CA",46976,5058
14000US06037201301,"Census Tract 2013.01, Los Angeles, CA",59955,11994
14000US06037201302,"Census Tract 2013.02, Los Angeles, CA",91250,13224
14000US06037201401,"Census Tract 2014.01, Los Angeles, CA",51212,11864
14000US06037201402,"Census Tract 2014.02, Los Angeles, CA",55352,8194
14000US06037201501,"Census Tract 2015.01, Los Angeles, CA",60088,7253
14000US06037201503,"Census Tract 2015.03, Los Angeles, CA",51433,3986
14000US06037201504,"Census Tract 2015.04, Los Angeles, CA",53750,8117
14000US06037201601,"Census Tract 2016.01, Los Angeles, CA",55795,18235
14000US06037201602,"Census Tract 2016.02, Los Angeles, CA",55909,18684
14000US06037201700,"Census Tract 2017, Los Angeles, CA",64769,6961
14000US06037203100,"Census Tract 2031, Los Angeles, CA",33179,5066
14000US06037203200,"Census Tract 2032, Los Angeles, CA",56161,10010
14000US06037203300,"Census Tract 2033, Los Angeles, CA",39750,7749
14000US06037203500,"Census Tract 2035, Los Angeles, CA",41444,8399
14000US06037203600,"Census Tract 2036, Los Angeles, CA",49922,8541
14000US06037203710,"Census Tract 2037.10, Los Angeles, CA",46840,13766
14000US06037203720,"Census Tract 2037.20, Los Angeles, CA",37917,8574
14000US06037203800,"Census Tract 2038, Los Angeles, CA",45108,5575
14000US06037203900,"Census Tract 2039, Los Angeles, CA",57054,10783
14000US06037204110,"Census Tract 2041.10, Los Angeles, CA",57417,15873
14000US06037204120,"Census Tract 2041.20, Los Angeles, CA",52813,12622
14000US06037204200,"Census Tract 2042, Los Angeles, CA",32946,6685
14000US06037204300,"Census Tract 2043, Los Angeles, CA",41912,6527
14000US06037204410,"Census Tract 2044.10, Los Angeles, CA",47232,15700
14000US06037204420,"Census Tract 2044.20, Los Angeles, CA",29730,5283
14000US06037204600,"Census Tract 2046, Los Angeles, CA",31786,6429
14000US06037204700,"Census Tract 2047, Los Angeles, CA",54809,12331
14000US06037204810,"Census Tract 2048.10, Los Angeles, CA",46440,4755
14000US06037204820,"Census Tract 2048.20, Los Angeles, CA",40000,10525
14000US06037204910,"Census Tract 2049.10, Los Angeles, CA",38523,5052
14000US06037204920,"Census Tract 2049.20, Los Angeles, CA",39904,9932
14000US06037205110,"Census Tract 2051.10, Los Angeles, CA",47219,5496
14000US06037205120,"Census Tract 2051.20, Los Angeles, CA",26844,3897
14000US06037206010,"Census Tract 2060.10, Los Angeles, CA",42063,11565
14000US06037206020,"Census Tract 2060.20, Los Angeles, CA",100809,14974
14000US06037206031,"Census Tract 2060.31, Los Angeles, CA",99205,25091
14000US06037206032,"Census Tract 2060.32, Los Angeles, CA",30625,8177
14000US06037206050,"Census Tract 2060.50, Los Angeles, CA",23380,5151
14000US06037206200,"Census Tract 2062, Los Angeles, CA",23515,4086
14000US06037206300,"Census Tract 2063, Los Angeles, CA",9191,2804
14000US06037207101,"Census Tract 2071.01, Los Angeles, CA",39063,11011
14000US06037207102,"Census Tract 2071.02, Los Angeles, CA",30165,9620
14000US06037207103,"Census Tract 2071.03, Los Angeles, CA",29243,5632
14000US06037207301,"Census Tract 2073.01, Los Angeles, CA",51667,13753
14000US06037207302,"Census Tract 2073.02, Los Angeles, CA",39972,10564
14000US06037207400,"Census Tract 2074, Los Angeles, CA",87000,52676
14000US06037207501,"Census Tract 2075.01, Los Angeles, CA",60625,20544
14000US06037207502,"Census Tract 2075.02, Los Angeles, CA",18594,2695
14000US06037207710,"Census Tract 2077.10, Los Angeles, CA",100972,23539
14000US06037207900,"Census Tract 2079, Los Angeles, CA",92104,11420
14000US06037208000,"Census Tract 2080, Los Angeles, CA",37330,11349
14000US06037208301,"Census Tract 2083.01, Los Angeles, CA",50093,12179
14000US06037208302,"Census Tract 2083.02, Los Angeles, CA",38365,7745
14000US06037208401,"Census Tract 2084.01, Los Angeles, CA",31218,3743
14000US06037208402,"Census Tract 2084.02, Los Angeles, CA",45804,6372
14000US06037208501,"Census Tract 2085.01, Los Angeles, CA",56974,9595
14000US06037208502,"Census Tract 2085.02, Los Angeles, CA",41804,2876
14000US06037208610,"Census Tract 2086.10, Los Angeles, CA",52537,10057
14000US06037208620,"Census Tract 2086.20, Los Angeles, CA",48910,7938
14000US06037208710,"Census Tract 2087.10, Los Angeles, CA",69656,14244
14000US06037208720,"Census Tract 2087.20, Los Angeles, CA",32727,6941
14000US06037208801,"Census Tract 2088.01, Los Angeles, CA",33211,5433
14000US06037208802,"Census Tract 2088.02, Los Angeles, CA",34079,10678
14000US06037208902,"Census Tract 2089.02, Los Angeles, CA",34568,5465
14000US06037208903,"Census Tract 2089.03, Los Angeles, CA",31731,13589
14000US06037208904,"Census Tract 2089.04, Los Angeles, CA",27250,7459
14000US06037209102,"Census Tract 2091.02, Los Angeles, CA",29190,4168
14000US06037209103,"Census Tract 2091.03, Los Angeles, CA",29509,3451
14000US06037209104,"Census Tract 2091.04, Los Angeles, CA",30078,5671
14000US06037209200,"Census Tract 2092, Los Angeles, CA",54894,12170
14000US06037209300,"Census Tract 2093, Los Angeles, CA",30092,4547
14000US06037209401,"Census Tract 2094.01, Los Angeles, CA",30926,4075
14000US06037209402,"Census Tract 2094.02, Los Angeles, CA",32879,3996
14000US06037209403,"Census Tract 2094.03, Los Angeles, CA",27188,7065
14000US06037209510,"Census Tract 2095.10, Los Angeles, CA",30722,6266
14000US06037209520,"Census Tract 2095.20, Los Angeles, CA",33168,4540
14000US06037209810,"Census Tract 2098.10, Los Angeles, CA",30373,2636
14000US06037209820,"Census Tract 2098.20, Los Angeles, CA",31289,7712
14000US06037210010,"Census Tract 2100.10, Los Angeles, CA",31712,5392
14000US06037211000,"Census Tract 2110, Los Angeles, CA",127197,13744
14000US06037211120,"Census Tract 2111.20, Los Angeles, CA",52342,6525
14000US06037211121,"Census Tract 2111.21, Los Angeles, CA",48846,10190
14000US06037211122,"Census Tract 2111.22, Los Angeles, CA",50175,7105
14000US06037211201,"Census Tract 2112.01, Los Angeles, CA",44353,6604
14000US06037211202,"Census Tract 2112.02, Los Angeles, CA",41280,5834
14000US06037211310,"Census Tract 2113.10, Los Angeles, CA",42637,4051
14000US06037211320,"Census Tract 2113.20, Los Angeles, CA",31250,12504
14000US06037211410,"Census Tract 2114.10, Los Angeles, CA",43011,12648
14000US06037211420,"Census Tract 2114.20, Los Angeles, CA",44330,3832
14000US06037211500,"Census Tract 2115, Los Angeles, CA",66042,11804
14000US06037211701,"Census Tract 2117.01, Los Angeles, CA",75469,27713
14000US06037211703,"Census Tract 2117.03, Los Angeles, CA",52352,4698
14000US06037211704,"Census Tract 2117.04, Los Angeles, CA",43462,9709
14000US06037211802,"Census Tract 2118.02, Los Angeles, CA",43720,6392
14000US06037211803,"Census Tract 2118.03, Los Angeles, CA",53301,5935
14000US06037211804,"Census Tract 2118.04, Los Angeles, CA",41635,9624
14000US06037211910,"Census Tract 2119.10, Los Angeles, CA",46941,8635
14000US06037211921,"Census Tract 2119.21, Los Angeles, CA",35993,5691
14000US06037211922,"Census Tract 2119.22, Los Angeles, CA",49554,4875
14000US06037212101,"Census Tract 2121.01, Los Angeles, CA",51370,10420
14000US06037212102,"Census Tract 2121.02, Los Angeles, CA",27167,6495
14000US06037212202,"Census Tract 2122.02, Los Angeles, CA",39229,6592
14000US06037212203,"Census Tract 2122.03, Los Angeles, CA",27092,7035
14000US06037212204,"Census Tract 2122.04, Los Angeles, CA",34196,4158
14000US06037212303,"Census Tract 2123.03, Los Angeles, CA",41797,10009
14000US06037212304,"Census Tract 2123.04, Los Angeles, CA",30265,7334
14000US06037212305,"Census Tract 2123.05, Los Angeles, CA",37550,6474
14000US06037212306,"Census Tract 2123.06, Los Angeles, CA",40590,6157
14000US06037212410,"Census Tract 2124.10, Los Angeles, CA",46424,4272
14000US06037212420,"Census Tract 2124.20, Los Angeles, CA",40809,8867
14000US06037212501,"Census Tract 2125.01, Los Angeles, CA",39093,3744
14000US06037212502,"Census Tract 2125.02, Los Angeles, CA",47731,7564
14000US06037212610,"Census Tract 2126.10, Los Angeles, CA",43608,7339
14000US06037212620,"Census Tract 2126.20, Los Angeles, CA",43212,4457
14000US06037212701,"Census Tract 2127.01, Los Angeles, CA",47000,6074
14000US06037212702,"Census Tract 2127.02, Los Angeles, CA",73028,15437
14000US06037212800,"Census Tract 2128, Los Angeles, CA",49867,6412
14000US06037212900,"Census Tract 2129, Los Angeles, CA",43167,6527
14000US06037213100,"Census Tract 2131, Los Angeles, CA",44167,6951
14000US06037213201,"Census Tract 2132.01, Los Angeles, CA",32819,7418
14000US06037213202,"Census Tract 2132.02, Los Angeles, CA",38899,8107
14000US06037213310,"Census Tract 2133.10, Los Angeles, CA",48333,8689
14000US06037213320,"Census Tract 2133.20, Los Angeles, CA",26759,5685
14000US06037213401,"Census Tract 2134.01, Los Angeles, CA",33607,3640
14000US06037213402,"Census Tract 2134.02, Los Angeles, CA",42766,3047
14000US06037214000,"Census Tract 2140, Los Angeles, CA",120625,40013
14000US06037214100,"Census Tract 2141, Los Angeles, CA",100824,16381
14000US06037214400,"Census Tract 2144, Los Angeles, CA",77708,8085
14000US06037214501,"Census Tract 2145.01, Los Angeles, CA",87364,14558
14000US06037214502,"Census Tract 2145.02, Los Angeles, CA",60093,11468
14000US06037214503,"Census Tract 2145.03, Los Angeles, CA",75294,6995
14000US06037214600,"Census Tract 2146, Los Angeles, CA",102868,21717
14000US06037214700,"Census Tract 2147, Los Angeles, CA",96579,22232
14000US06037214800,"Census Tract 2148, Los Angeles, CA",108648,7053
14000US06037214901,"Census Tract 2149.01, Los Angeles, CA",71844,4486
14000US06037214902,"Census Tract 2149.02, Los Angeles, CA",84840,19390
14000US06037215101,"Census Tract 2151.01, Los Angeles, CA",67888,6375
14000US06037215102,"Census Tract 2151.02, Los Angeles, CA",69979,12062
14000US06037216100,"Census Tract 2161, Los Angeles, CA",104604,26712
14000US06037216200,"Census Tract 2162, Los Angeles, CA",88854,20279
14000US06037216300,"Census Tract 2163, Los Angeles, CA",94620,14287
14000US06037216401,"Census Tract 2164.01, Los Angeles, CA",75597,14920
14000US06037216402,"Census Tract 2164.02, Los Angeles, CA",75000,16894
14000US06037216700,"Census Tract 2167, Los Angeles, CA",79730,13310
14000US06037216800,"Census Tract 2168, Los Angeles, CA",91821,16812
14000US06037216900,"Census Tract 2169, Los Angeles, CA",89547,20184
14000US06037217001,"Census Tract 2170.01, Los Angeles, CA",87250,31195
14000US06037217002,"Census Tract 2170.02, Los Angeles, CA",87934,17133
14000US06037217100,"Census Tract 2171, Los Angeles, CA",67414,17306
14000US06037217200,"Census Tract 2172, Los Angeles, CA",69817,14025
14000US06037218110,"Census Tract 2181.10, Los Angeles, CA",44009,7686
14000US06037218120,"Census Tract 2181.20, Los Angeles, CA",36488,7219
14000US06037218210,"Census Tract 2182.10, Los Angeles, CA",35436,4656
14000US06037218220,"Census Tract 2182.20, Los Angeles, CA",49632,10359
14000US06037218300,"Census Tract 2183, Los Angeles, CA",53621,12060
14000US06037218400,"Census Tract 2184, Los Angeles, CA",64018,5397
14000US06037218500,"Census Tract 2185, Los Angeles, CA",44872,7522
14000US06037218600,"Census Tract 2186, Los Angeles, CA",51604,15167
14000US06037218701,"Census Tract 2187.01, Los Angeles, CA",49316,4507
14000US06037218702,"Census Tract 2187.02, Los Angeles, CA",38827,2699
14000US06037218800,"Census Tract 2188, Los Angeles, CA",46140,10227
14000US06037218900,"Census Tract 2189, Los Angeles, CA",41019,7592
14000US06037219010,"Census Tract 2190.10, Los Angeles, CA",54708,16829
14000US06037219020,"Census Tract 2190.20, Los Angeles, CA",59180,6037
14000US06037219300,"Census Tract 2193, Los Angeles, CA",43103,13689
14000US06037219500,"Census Tract 2195, Los Angeles, CA",77147,8828
14000US06037219700,"Census Tract 2197, Los Angeles, CA",50220,9376
14000US06037219800,"Census Tract 2198, Los Angeles, CA",43214,8268
14000US06037219901,"Census Tract 2199.01, Los Angeles, CA",39006,9342
14000US06037219902,"Census Tract 2199.02, Los Angeles, CA",49531,13082
14000US06037220000,"Census Tract 2200, Los Angeles, CA",42500,8396
14000US06037220100,"Census Tract 2201, Los Angeles, CA",40091,11441
14000US06037221110,"Census Tract 2211.10, Los Angeles, CA",34868,6340
14000US06037221120,"Census Tract 2211.20, Los Angeles, CA",38060,6410
14000US06037221210,"Census Tract 2212.10, Los Angeles, CA",50035,13337
14000US06037221220,"Census Tract 2212.20, Los Angeles, CA",43611,12066
14000US06037221302,"Census Tract 2213.02, Los Angeles, CA",37500,8738
14000US06037221303,"Census Tract 2213.03, Los Angeles, CA",39244,4757
14000US06037221304,"Census Tract 2213.04, Los Angeles, CA",43125,18519
14000US06037221401,"Census Tract 2214.01, Los Angeles, CA",24904,6002
14000US06037221402,"Census Tract 2214.02, Los Angeles, CA",37976,7743
14000US06037221500,"Census Tract 2215, Los Angeles, CA",29420,5731
14000US06037221601,"Census Tract 2216.01, Los Angeles, CA",45288,15784
14000US06037221602,"Census Tract 2216.02, Los Angeles, CA",36008,4189
14000US06037221710,"Census Tract 2217.10, Los Angeles, CA",39212,4056
14000US06037221810,"Census Tract 2218.10, Los Angeles, CA",25357,3285
14000US06037221820,"Census Tract 2218.20, Los Angeles, CA",12235,2899
14000US06037221900,"Census Tract 2219, Los Angeles, CA",17237,8026
14000US06037222001,"Census Tract 2220.01, Los Angeles, CA",71000,16550
14000US06037222002,"Census Tract 2220.02, Los Angeles, CA",48641,19705
14000US06037222100,"Census Tract 2221, Los Angeles, CA",53864,12608
14000US06037222200,"Census Tract 2222, Los Angeles, CA",40227,19507
14000US06037222500,"Census Tract 2225, Los Angeles, CA",56548,10016
14000US06037222600,"Census Tract 2226, Los Angeles, CA",28581,6120
14000US06037222700,"Census Tract 2227, Los Angeles, CA",9632,7616
14000US06037224010,"Census Tract 2240.10, Los Angeles, CA",28082,3055
14000US06037224020,"Census Tract 2240.20, Los Angeles, CA",27332,4038
14000US06037224200,"Census Tract 2242, Los Angeles, CA",31996,7067
14000US06037224310,"Census Tract 2243.10, Los Angeles, CA",36932,8700
14000US06037224320,"Census Tract 2243.20, Los Angeles, CA",28616,6145
14000US06037224410,"Census Tract 2244.10, Los Angeles, CA",26773,2302
14000US06037224420,"Census Tract 2244.20, Los Angeles, CA",24878,11538
14000US06037224600,"Census Tract 2246, Los Angeles, CA",46162,3495
14000US06037224700,"Census Tract 2247, Los Angeles, CA",11576,3918
14000US06037226001,"Census Tract 2260.01, Los Angeles, CA",34808,19921
14000US06037226002,"Census Tract 2260.02, Los Angeles, CA",37643,8292
14000US06037226410,"Census Tract 2264.10, Los Angeles, CA",40147,6029
14000US06037226420,"Census Tract 2264.20, Los Angeles, CA",44209,3916
14000US06037226700,"Census Tract 2267, Los Angeles, CA",40140,7386
14000US06037227010,"Census Tract 2270.10, Los Angeles, CA",48200,8255
14000US06037227020,"Census Tract 2270.20, Los Angeles, CA",47361,11084
14000US06037228100,"Census Tract 2281, Los Angeles, CA",47444,10593
14000US06037228210,"Census Tract 2282.10, Los Angeles, CA",35969,5318
14000US06037228220,"Census Tract 2282.20, Los Angeles, CA",43482,5301
14000US06037228310,"Census Tract 2283.10, Los Angeles, CA",44375,6552
14000US06037228320,"Census Tract 2283.20, Los Angeles, CA",43272,11745
14000US06037228410,"Census Tract 2284.10, Los Angeles, CA",41012,10344
14000US06037228420,"Census Tract 2284.20, Los Angeles, CA",38094,3081
14000US06037228500,"Census Tract 2285, Los Angeles, CA",33125,4184
14000US06037228600,"Census Tract 2286, Los Angeles, CA",48393,11506
14000US06037228710,"Census Tract 2287.10, Los Angeles, CA",31849,2234
14000US06037228720,"Census Tract 2287.20, Los Angeles, CA",38933,2942
14000US06037228800,"Census Tract 2288, Los Angeles, CA",41250,4566
14000US06037228900,"Census Tract 2289, Los Angeles, CA",23750,11147
14000US06037229100,"Census Tract 2291, Los Angeles, CA",46678,7374
14000US06037229200,"Census Tract 2292, Los Angeles, CA",41250,13739
14000US06037229300,"Census Tract 2293, Los Angeles, CA",37468,5270
14000US06037229410,"Census Tract 2294.10, Los Angeles, CA",34403,6662
14000US06037229420,"Census Tract 2294.20, Los Angeles, CA",42250,8345
14000US06037231100,"Census Tract 2311, Los Angeles, CA",31494,2249
14000US06037231210,"Census Tract 2312.10, Los Angeles, CA",32258,9174
14000US06037231220,"Census Tract 2312.20, Los Angeles, CA",29741,6921
14000US06037231300,"Census Tract 2313, Los Angeles, CA",49803,20697
14000US06037231400,"Census Tract 2314, Los Angeles, CA",41774,14301
14000US06037231500,"Census Tract 2315, Los Angeles, CA",48912,15253
14000US06037231600,"Census Tract 2316, Los Angeles, CA",45123,3312
14000US06037231710,"Census Tract 2317.10, Los Angeles, CA",26444,10289
14000US06037231720,"Census Tract 2317.20, Los Angeles, CA",36528,6653
14000US06037231800,"Census Tract 2318, Los Angeles, CA",36765,7667
14000US06037231900,"Census Tract 2319, Los Angeles, CA",33958,6695
14000US06037232110,"Census Tract 2321.10, Los Angeles, CA",33203,5804
14000US06037232120,"Census Tract 2321.20, Los Angeles, CA",37555,5980
14000US06037232200,"Census Tract 2322, Los Angeles, CA",43911,10212
14000US06037232300,"Census Tract 2323, Los Angeles, CA",58576,19663
14000US06037232400,"Census Tract 2324, Los Angeles, CA",46883,6195
14000US06037232500,"Census Tract 2325, Los Angeles, CA",55841,10590
14000US06037232600,"Census Tract 2326, Los Angeles, CA",42734,15287
14000US06037232700,"Census Tract 2327, Los Angeles, CA",38341,4990
14000US06037232800,"Census Tract 2328, Los Angeles, CA",33438,9156
14000US06037234000,"Census Tract 2340, Los Angeles, CA",54722,15350
14000US06037234200,"Census Tract 2342, Los Angeles, CA",76761,27402
14000US06037234300,"Census Tract 2343, Los Angeles, CA",45815,7624
14000US06037234501,"Census Tract 2345.01, Los Angeles, CA",54622,6038
14000US06037234502,"Census Tract 2345.02, Los Angeles, CA",33500,16135
14000US06037234600,"Census Tract 2346, Los Angeles, CA",55887,9564
14000US06037234700,"Census Tract 2347, Los Angeles, CA",40375,7902
14000US06037234800,"Census Tract 2348, Los Angeles, CA",58736,3189
14000US06037234901,"Census Tract 2349.01, Los Angeles, CA",22693,9231
14000US06037234902,"Census Tract 2349.02, Los Angeles, CA",23981,5049
14000US06037235100,"Census Tract 2351, Los Angeles, CA",87246,10278
14000US06037235201,"Census Tract 2352.01, Los Angeles, CA",45341,22469
14000US06037235202,"Census Tract 2352.02, Los Angeles, CA",31732,6611
14000US06037236000,"Census Tract 2360, Los Angeles, CA",90790,11568
14000US06037236100,"Census Tract 2361, Los Angeles, CA",30380,10664
14000US06037236202,"Census Tract 2362.02, Los Angeles, CA",29766,8359
14000US06037236203,"Census Tract 2362.03, Los Angeles, CA",30144,9916
14000US06037236204,"Census Tract 2362.04, Los Angeles, CA",23677,5539
14000US06037236400,"Census Tract 2364, Los Angeles, CA",66359,12295
14000US06037237101,"Census Tract 2371.01, Los Angeles, CA",33569,6439
14000US06037237102,"Census Tract 2371.02, Los Angeles, CA",37849,6187
14000US06037237201,"Census Tract 2372.01, Los Angeles, CA",44911,12151
14000US06037237202,"Census Tract 2372.02, Los Angeles, CA",38438,8306
14000US06037237300,"Census Tract 2373, Los Angeles, CA",45107,15838
14000US06037237401,"Census Tract 2374.01, Los Angeles, CA",41703,5527
14000US06037237402,"Census Tract 2374.02, Los Angeles, CA",45875,21890
14000US06037237500,"Census Tract 2375, Los Angeles, CA",32051,5414
14000US06037237600,"Census Tract 2376, Los Angeles, CA",32456,11942
14000US06037237710,"Census Tract 2377.10, Los Angeles, CA",36029,16132
14000US06037237720,"Census Tract 2377.20, Los Angeles, CA",33897,3516
14000US06037237800,"Census Tract 2378, Los Angeles, CA",48922,8243
14000US06037237900,"Census Tract 2379, Los Angeles, CA",51612,9476
14000US06037238000,"Census Tract 2380, Los Angeles, CA",61773,14122
14000US06037238100,"Census Tract 2381, Los Angeles, CA",48034,8469
14000US06037238200,"Census Tract 2382, Los Angeles, CA",45075,11155
14000US06037238310,"Census Tract 2383.10, Los Angeles, CA",26356,4332
14000US06037238320,"Census Tract 2383.20, Los Angeles, CA",34131,6853
14000US06037238400,"Census Tract 2384, Los Angeles, CA",54746,19300
14000US06037239201,"Census Tract 2392.01, Los Angeles, CA",36034,5377
14000US06037239202,"Census Tract 2392.02, Los Angeles, CA",42609,10482
14000US06037239310,"Census Tract 2393.10, Los Angeles, CA",37259,4446
14000US06037239320,"Census Tract 2393.20, Los Angeles, CA",44896,5477
14000US06037239330,"Census Tract 2393.30, Los Angeles, CA",32708,6561
14000US06037239501,"Census Tract 2395.01, Los Angeles, CA",44177,4859
14000US06037239502,"Census Tract 2395.02, Los Angeles, CA",41250,6439
14000US06037239601,"Census Tract 2396.01, Los Angeles, CA",43102,10388
14000US06037239602,"Census Tract 2396.02, Los Angeles, CA",38295,6268
14000US06037239701,"Census Tract 2397.01, Los Angeles, CA",36232,7630
14000US06037239702,"Census Tract 2397.02, Los Angeles, CA",31189,6281
14000US06037239801,"Census Tract 2398.01, Los Angeles, CA",46938,13019
14000US06037239802,"Census Tract 2398.02, Los Angeles, CA",42171,13054
14000US06037240010,"Census Tract 2400.10, Los Angeles, CA",30612,4674
14000US06037240020,"Census Tract 2400.20, Los Angeles, CA",38266,13782
14000US06037240200,"Census Tract 2402, Los Angeles, CA",40286,12906
14000US06037240300,"Census Tract 2403, Los Angeles, CA",22875,3967
14000US06037240401,"Census Tract 2404.01, Los Angeles, CA",42662,7269
14000US06037240402,"Census Tract 2404.02, Los Angeles, CA",42422,16112
14000US06037240500,"Census Tract 2405, Los Angeles, CA",40764,10613
14000US06037240600,"Census Tract 2406, Los Angeles, CA",43250,7688
14000US06037240700,"Census Tract 2407, Los Angeles, CA",43584,2167
14000US06037240800,"Census Tract 2408, Los Angeles, CA",41277,5397
14000US06037240900,"Census Tract 2409, Los Angeles, CA",45619,12960
14000US06037241001,"Census Tract 2410.01, Los Angeles, CA",41563,12739
14000US06037241002,"Census Tract 2410.02, Los Angeles, CA",59116,14271
14000US06037241110,"Census Tract 2411.10, Los Angeles, CA",47090,3723
14000US06037241120,"Census Tract 2411.20, Los Angeles, CA",35114,8990
14000US06037241201,"Census Tract 2412.01, Los Angeles, CA",48864,11795
14000US06037241202,"Census Tract 2412.02, Los Angeles, CA",34662,8713
14000US06037241300,"Census Tract 2413, Los Angeles, CA",46111,16137
14000US06037241400,"Census Tract 2414, Los Angeles, CA",36667,13423
14000US06037242000,"Census Tract 2420, Los Angeles, CA",30698,5346
14000US06037242100,"Census Tract 2421, Los Angeles, CA",18177,3825
14000US06037242200,"Census Tract 2422, Los Angeles, CA",28313,7275
14000US06037242300,"Census Tract 2423, Los Angeles, CA",26515,7058
14000US06037242600,"Census Tract 2426, Los Angeles, CA",16586,3141
14000US06037242700,"Census Tract 2427, Los Angeles, CA",46492,12317
14000US06037243000,"Census Tract 2430, Los Angeles, CA",51479,4135
14000US06037243100,"Census Tract 2431, Los Angeles, CA",27879,3083
14000US06037261101,"Census Tract 2611.01, Los Angeles, CA",199094,22313
14000US06037261102,"Census Tract 2611.02, Los Angeles, CA",159563,37815
14000US06037261200,"Census Tract 2612, Los Angeles, CA",188424,34260
14000US06037262100,"Census Tract 2621, Los Angeles, CA",217462,71136
14000US06037262200,"Census Tract 2622, Los Angeles, CA",184000,44756
14000US06037262301,"Census Tract 2623.01, Los Angeles, CA",215750,72729
14000US06037262302,"Census Tract 2623.02, Los Angeles, CA",158571,41566
14000US06037262303,"Census Tract 2623.03, Los Angeles, CA",250001,
14000US06037262400,"Census Tract 2624, Los Angeles, CA",250001,
14000US06037262501,"Census Tract 2625.01, Los Angeles, CA",224962,24985
14000US06037262601,"Census Tract 2626.01, Los Angeles, CA",212386,22458
14000US06037262604,"Census Tract 2626.04, Los Angeles, CA",200625,28531
14000US06037262704,"Census Tract 2627.04, Los Angeles, CA",122083,13421
14000US06037262706,"Census Tract 2627.06, Los Angeles, CA",188409,81265
14000US06037262802,"Census Tract 2628.02, Los Angeles, CA",217292,22614
14000US06037264000,"Census Tract 2640, Los Angeles, CA",220417,67305
14000US06037264102,"Census Tract 2641.02, Los Angeles, CA",108004,15956
14000US06037264103,"Census Tract 2641.03, Los Angeles, CA",105481,17530
14000US06037264301,"Census Tract 2643.01, Los Angeles, CA",101439,13389
14000US06037264302,"Census Tract 2643.02, Los Angeles, CA",92381,14383
14000US06037265100,"Census Tract 2651, Los Angeles, CA",112500,23765
14000US06037265201,"Census Tract 2652.01, Los Angeles, CA",72361,36838
14000US06037265202,"Census Tract 2652.02, Los Angeles, CA",74417,31718
14000US06037265301,"Census Tract 2653.01, Los Angeles, CA",,
14000US06037265303,"Census Tract 2653.03, Los Angeles, CA",21506,8418
14000US06037265304,"Census Tract 2653.04, Los Angeles, CA",21228,3675
14000US06037265305,"Census Tract 2653.05, Los Angeles, CA",20655,8015
14000US06037265410,"Census Tract 2654.10, Los Angeles, CA",117885,20642
14000US06037265420,"Census Tract 2654.20, Los Angeles, CA",198542,75036
14000US06037265510,"Census Tract 2655.10, Los Angeles, CA",54847,10761
14000US06037265520,"Census Tract 2655.20, Los Angeles, CA",104559,12613
14000US06037265601,"Census Tract 2656.01, Los Angeles, CA",119886,13783
14000US06037265602,"Census Tract 2656.02, Los Angeles, CA",117629,11171
14000US06037265700,"Census Tract 2657, Los Angeles, CA",85083,17567
14000US06037267100,"Census Tract 2671, Los Angeles, CA",105284,19417
14000US06037267200,"Census Tract 2672, Los Angeles, CA",86601,26308
14000US06037267300,"Census Tract 2673, Los Angeles, CA",68913,14617
14000US06037267402,"Census Tract 2674.02, Los Angeles, CA",87095,19279
14000US06037267403,"Census Tract 2674.03, Los Angeles, CA",88631,11616
14000US06037267404,"Census Tract 2674.04, Los Angeles, CA",82500,14411
14000US06037267501,"Census Tract 2675.01, Los Angeles, CA",86086,30421
14000US06037267502,"Census Tract 2675.02, Los Angeles, CA",86343,14537
14000US06037267600,"Census Tract 2676, Los Angeles, CA",70692,14525
14000US06037267700,"Census Tract 2677, Los Angeles, CA",94185,10211
14000US06037267800,"Census Tract 2678, Los Angeles, CA",86121,14578
14000US06037267901,"Census Tract 2679.01, Los Angeles, CA",118393,42425
14000US06037267902,"Census Tract 2679.02, Los Angeles, CA",138750,27437
14000US06037269000,"Census Tract 2690, Los Angeles, CA",127054,31338
14000US06037269100,"Census Tract 2691, Los Angeles, CA",88656,23501
14000US06037269300,"Census Tract 2693, Los Angeles, CA",165208,54842
14000US06037269500,"Census Tract 2695, Los Angeles, CA",191538,38518
14000US06037269601,"Census Tract 2696.01, Los Angeles, CA",53664,13471
14000US06037269602,"Census Tract 2696.02, Los Angeles, CA",58668,10610
14000US06037269700,"Census Tract 2697, Los Angeles, CA",89450,17895
14000US06037269800,"Census Tract 2698, Los Angeles, CA",83214,12714
14000US06037269903,"Census Tract 2699.03, Los Angeles, CA",65750,8561
14000US06037269904,"Census Tract 2699.04, Los Angeles, CA",70682,9263
14000US06037269905,"Census Tract 2699.05, Los Angeles, CA",80119,5071
14000US06037269906,"Census Tract 2699.06, Los Angeles, CA",95542,19338
14000US06037269907,"Census Tract 2699.07, Los Angeles, CA",78895,11157
14000US06037270100,"Census Tract 2701, Los Angeles, CA",71389,18066
14000US06037270200,"Census Tract 2702, Los Angeles, CA",67516,12726
14000US06037270300,"Census Tract 2703, Los Angeles, CA",74323,9943
14000US06037271100,"Census Tract 2711, Los Angeles, CA",89219,29544
14000US06037271200,"Census Tract 2712, Los Angeles, CA",71393,5753
14000US06037271300,"Census Tract 2713, Los Angeles, CA",101006,17510
14000US06037271400,"Census Tract 2714, Los Angeles, CA",133547,29443
14000US06037271500,"Census Tract 2715, Los Angeles, CA",100679,19461
14000US06037271600,"Census Tract 2716, Los Angeles, CA",89792,13280
14000US06037271701,"Census Tract 2717.01, Los Angeles, CA",93972,11486
14000US06037271702,"Census Tract 2717.02, Los Angeles, CA",67446,12724
14000US06037271801,"Census Tract 2718.01, Los Angeles, CA",55417,7138
14000US06037271802,"Census Tract 2718.02, Los Angeles, CA",85318,6160
14000US06037271901,"Census Tract 2719.01, Los Angeles, CA",92991,18800
14000US06037271902,"Census Tract 2719.02, Los Angeles, CA",73918,8423
14000US06037272100,"Census Tract 2721, Los Angeles, CA",94911,11851
14000US06037272201,"Census Tract 2722.01, Los Angeles, CA",62716,15536
14000US06037272202,"Census Tract 2722.02, Los Angeles, CA",63355,11380
14000US06037272301,"Census Tract 2723.01, Los Angeles, CA",84583,11925
14000US06037272302,"Census Tract 2723.02, Los Angeles, CA",59286,14171
14000US06037273100,"Census Tract 2731, Los Angeles, CA",121500,30352
14000US06037273200,"Census Tract 2732, Los Angeles, CA",88720,18401
14000US06037273300,"Census Tract 2733, Los Angeles, CA",71823,11808
14000US06037273402,"Census Tract 2734.02, Los Angeles, CA",72258,33093
14000US06037273502,"Census Tract 2735.02, Los Angeles, CA",90161,13055
14000US06037273600,"Census Tract 2736, Los Angeles, CA",123819,16873
14000US06037273700,"Census Tract 2737, Los Angeles, CA",96719,21387
14000US06037273800,"Census Tract 2738, Los Angeles, CA",96750,10510
14000US06037273902,"Census Tract 2739.02, Los Angeles, CA",144924,28639
14000US06037274100,"Census Tract 2741, Los Angeles, CA",116141,25853
14000US06037274202,"Census Tract 2742.02, Los Angeles, CA",128766,25306
14000US06037275101,"Census Tract 2751.01, Los Angeles, CA",97500,22922
14000US06037275102,"Census Tract 2751.02, Los Angeles, CA",58221,9218
14000US06037275200,"Census Tract 2752, Los Angeles, CA",62241,11063
14000US06037275302,"Census Tract 2753.02, Los Angeles, CA",96917,22933
14000US06037275311,"Census Tract 2753.11, Los Angeles, CA",90261,10533
14000US06037275400,"Census Tract 2754, Los Angeles, CA",137027,14083
14000US06037275500,"Census Tract 2755, Los Angeles, CA",42544,9617
14000US06037275602,"Census Tract 2756.02, Los Angeles, CA",148965,11619
14000US06037275603,"Census Tract 2756.03, Los Angeles, CA",84130,23659
14000US06037276000,"Census Tract 2760, Los Angeles, CA",144688,17808
14000US06037276100,"Census Tract 2761, Los Angeles, CA",66520,23947
14000US06037276400,"Census Tract 2764, Los Angeles, CA",158056,26017
14000US06037276500,"Census Tract 2765, Los Angeles, CA",91667,35821
14000US06037276601,"Census Tract 2766.01, Los Angeles, CA",138929,28046
14000US06037276603,"Census Tract 2766.03, Los Angeles, CA",90375,23269
14000US06037276604,"Census Tract 2766.04, Los Angeles, CA",93525,16172
14000US06037277000,"Census Tract 2770, Los Angeles, CA",137961,28606
14000US06037277100,"Census Tract 2771, Los Angeles, CA",124219,37274
14000US06037277200,"Census Tract 2772, Los Angeles, CA",60179,18373
14000US06037277400,"Census Tract 2774, Los Angeles, CA",43264,15159
14000US06037278001,"Census Tract 2780.01, Los Angeles, CA",109468,18995
14000US06037278102,"Census Tract 2781.02, Los Angeles, CA",148182,36646
14000US06037291110,"Census Tract 2911.10, Los Angeles, CA",43544,6470
14000US06037291120,"Census Tract 2911.20, Los Angeles, CA",53393,10719
14000US06037291130,"Census Tract 2911.30, Los Angeles, CA",67587,4868
14000US06037291210,"Census Tract 2912.10, Los Angeles, CA",61277,7815
14000US06037291220,"Census Tract 2912.20, Los Angeles, CA",50260,10443
14000US06037291300,"Census Tract 2913, Los Angeles, CA",81281,11317
14000US06037292000,"Census Tract 2920, Los Angeles, CA",42135,9442
14000US06037293201,"Census Tract 2932.01, Los Angeles, CA",64273,9764
14000US06037293202,"Census Tract 2932.02, Los Angeles, CA",42877,5817
14000US06037293301,"Census Tract 2933.01, Los Angeles, CA",83768,6317
14000US06037293302,"Census Tract 2933.02, Los Angeles, CA",83955,13064
14000US06037293304,"Census Tract 2933.04, Los Angeles, CA",63150,5813
14000US06037293306,"Census Tract 2933.06, Los Angeles, CA",100200,10905
14000US06037293307,"Census Tract 2933.07, Los Angeles, CA",51379,10293
14000US06037294110,"Census Tract 2941.10, Los Angeles, CA",51011,12130
14000US06037294120,"Census Tract 2941.20, Los Angeles, CA",57159,17774
14000US06037294200,"Census Tract 2942, Los Angeles, CA",70272,14374
14000US06037294301,"Census Tract 2943.01, Los Angeles, CA",65870,3856
14000US06037294302,"Census Tract 2943.02, Los Angeles, CA",55313,9838
14000US06037294410,"Census Tract 2944.10, Los Angeles, CA",50926,7605
14000US06037294421,"Census Tract 2944.21, Los Angeles, CA",47917,11474
14000US06037294510,"Census Tract 2945.10, Los Angeles, CA",49979,12251
14000US06037294520,"Census Tract 2945.20, Los Angeles, CA",50732,8313
14000US06037294610,"Census Tract 2946.10, Los Angeles, CA",49773,12527
14000US06037294620,"Census Tract 2946.20, Los Angeles, CA",44148,9985
14000US06037294701,"Census Tract 2947.01, Los Angeles, CA",36719,8139
14000US06037294810,"Census Tract 2948.10, Los Angeles, CA",49952,7387
14000US06037294820,"Census Tract 2948.20, Los Angeles, CA",39400,4907
14000US06037294830,"Census Tract 2948.30, Los Angeles, CA",44527,9512
14000US06037294900,"Census Tract 2949, Los Angeles, CA",42150,8633
14000US06037295103,"Census Tract 2951.03, Los Angeles, CA",124663,11563
14000US06037296210,"Census Tract 2962.10, Los Angeles, CA",40145,10696
14000US06037296220,"Census Tract 2962.20, Los Angeles, CA",30020,6288
14000US06037296300,"Census Tract 2963, Los Angeles, CA",80718,7216
14000US06037296401,"Census Tract 2964.01, Los Angeles, CA",92571,16671
14000US06037296402,"Census Tract 2964.02, Los Angeles, CA",108929,31174
14000US06037296500,"Census Tract 2965, Los Angeles, CA",35870,9920
14000US06037296600,"Census Tract 2966, Los Angeles, CA",40607,6242
14000US06037296901,"Census Tract 2969.01, Los Angeles, CA",40913,11667
14000US06037296902,"Census Tract 2969.02, Los Angeles, CA",52585,7645
14000US06037297000,"Census Tract 2970, Los Angeles, CA",110699,26855
14000US06037297110,"Census Tract 2971.10, Los Angeles, CA",40000,7158
14000US06037297120,"Census Tract 2971.20, Los Angeles, CA",49229,11003
14000US06037297201,"Census Tract 2972.01, Los Angeles, CA",60574,9221
14000US06037297202,"Census Tract 2972.02, Los Angeles, CA",70767,8092
14000US06037297300,"Census Tract 2973, Los Angeles, CA",102143,28917
14000US06037297400,"Census Tract 2974, Los Angeles, CA",82955,22552
14000US06037297500,"Census Tract 2975, Los Angeles, CA",88229,25724
14000US06037297601,"Census Tract 2976.01, Los Angeles, CA",55246,9057
14000US06037297602,"Census Tract 2976.02, Los Angeles, CA",64873,16551
14000US06037701100,"Census Tract 7011, Los Angeles, CA",45536,34084
14000US06037930200,"Census Tract 9302, Los Angeles, CA",85972,61298
14000US06037980008,"Census Tract 9800.08, Los Angeles, CA",,
14000US06037980009,"Census Tract 9800.09, Los Angeles, CA",,
14000US06037980010,"Census Tract 9800.10, Los Angeles, CA",19167,11351
14000US06037980014,"Census Tract 9800.14, Los Angeles, CA",,
14000US06037980015,"Census Tract 9800.15, Los Angeles, CA",66000,32077
14000US06037980019,"Census Tract 9800.19, Los Angeles, CA",231250,117385
14000US06037980020,"Census Tract 9800.20, Los Angeles, CA",,
14000US06037980021,"Census Tract 9800.21, Los Angeles, CA",,
14000US06037980022,"Census Tract 9800.22, Los Angeles, CA",,
14000US06037980023,"Census Tract 9800.23, Los Angeles, CA",,
14000US06037980024,"Census Tract 9800.24, Los Angeles, CA",150250,13582
14000US06037980026,"Census Tract 9800.26, Los Angeles, CA",,
14000US06037980028,"Census Tract 9800.28, Los Angeles, CA",,
14000US06037980031,"Census Tract 9800.31, Los Angeles, CA",,
14000US06037990200,"Census Tract 9902, Los Angeles, CA",,
